scenario,time_s,com_mps,max_linear_mps,max_angular_radps,pelvis_y,head_y,settled
A_bodycheck_mars_comic,0.000,0.0000,0.0000,0.0000,0.1950,0.8775,0
A_bodycheck_mars_comic,0.100,3.5791,4.1166,3.1823,0.3636,1.0340,0
A_bodycheck_mars_comic,0.200,3.4000,3.8539,3.7071,0.5182,1.1442,0
A_bodycheck_mars_comic,0.300,3.2591,3.6285,3.8041,0.6593,1.2107,0
A_bodycheck_mars_comic,0.400,3.1599,3.4784,2.5001,0.7406,1.2402,0
A_bodycheck_mars_comic,0.500,3.1047,3.4244,2.3762,0.7431,1.2363,0
A_bodycheck_mars_comic,0.600,3.0942,3.4012,2.1530,0.7082,1.1947,0
A_bodycheck_mars_comic,0.700,3.1273,3.4216,1.9709,0.6372,1.1166,0
A_bodycheck_mars_comic,0.800,3.2012,3.4836,1.7836,0.5307,1.0029,0
A_bodycheck_mars_comic,0.900,3.3116,3.6005,3.1029,0.3880,0.8534,0
A_bodycheck_mars_comic,1.000,3.4537,3.7323,2.9663,0.2106,0.6694,0
A_bodycheck_mars_comic,1.100,2.9978,4.0602,24.1708,0.0887,0.4454,0
A_bodycheck_mars_comic,1.200,2.0566,5.2363,11.6899,0.1481,0.1152,0
A_bodycheck_mars_comic,1.300,1.2065,1.8572,13.5681,0.1347,0.2026,0
A_bodycheck_mars_comic,1.400,1.0580,1.4081,11.0392,0.1046,0.3031,0
A_bodycheck_mars_comic,1.500,0.7900,0.8769,3.5685,0.0959,0.3516,0
A_bodycheck_mars_comic,1.600,0.5392,0.8205,2.2259,0.0974,0.3572,0
A_bodycheck_mars_comic,1.700,0.2051,0.7774,2.2010,0.1006,0.3504,0
A_bodycheck_mars_comic,1.800,0.0214,0.8150,3.4608,0.0998,0.3453,0
A_bodycheck_mars_comic,1.900,0.0264,0.5219,2.5741,0.0993,0.3443,0
A_bodycheck_mars_comic,2.000,0.0157,0.4126,3.2268,0.0990,0.3435,0
A_bodycheck_mars_comic,2.100,0.0213,0.6291,4.9007,0.0994,0.3438,0
A_bodycheck_mars_comic,2.200,0.0295,0.9905,5.3218,0.0993,0.3438,0
A_bodycheck_mars_comic,2.300,0.0177,0.1022,1.1724,0.0993,0.3435,0
A_bodycheck_mars_comic,2.400,0.0250,0.0966,1.1679,0.0990,0.3428,0
A_bodycheck_mars_comic,2.500,0.0194,0.0825,1.0398,0.0988,0.3422,0
A_bodycheck_mars_comic,2.600,0.0131,0.0298,0.4779,0.0986,0.3417,0
A_bodycheck_mars_comic,2.700,0.0045,0.0645,0.9875,0.0985,0.3415,0
A_bodycheck_mars_comic,2.800,0.0042,0.0788,1.1414,0.0987,0.3415,0
A_bodycheck_mars_comic,2.900,0.0029,0.0540,0.6197,0.0988,0.3415,0
A_bodycheck_mars_comic,3.000,0.0022,0.0286,0.3274,0.0989,0.3415,0
A_bodycheck_mars_comic,3.100,0.0060,0.0182,0.1029,0.0989,0.3413,0
A_bodycheck_mars_comic,3.200,0.0099,0.0251,0.1963,0.0987,0.3409,0
A_bodycheck_mars_comic,3.300,0.0116,0.0335,0.5514,0.0986,0.3405,0
A_bodycheck_mars_comic,3.400,0.0115,0.0405,0.7301,0.0984,0.3401,0
A_bodycheck_mars_comic,3.500,0.0087,0.0228,0.2812,0.0983,0.3398,0
A_bodycheck_mars_comic,3.600,0.0056,0.0363,0.4215,0.0982,0.3396,0
A_bodycheck_mars_comic,3.700,0.0000,0.0000,0.0000,0.0982,0.3394,1
A_bodycheck_mars_comic,3.800,0.0000,0.0000,0.0000,0.0982,0.3394,1
A_bodycheck_mars_comic,3.900,0.0000,0.0000,0.0000,0.0982,0.3394,1
A_bodycheck_mars_comic,4.000,0.0000,0.0000,0.0000,0.0982,0.3394,1
A_bodycheck_mars_comic,4.100,0.0000,0.0000,0.0000,0.0982,0.3394,1
A_bodycheck_mars_comic,4.200,0.0000,0.0000,0.0000,0.0982,0.3394,1
A_bodycheck_mars_comic,4.300,0.0000,0.0000,0.0000,0.0982,0.3394,1
A_bodycheck_mars_comic,4.400,0.0000,0.0000,0.0000,0.0982,0.3394,1
A_bodycheck_mars_comic,4.500,0.0000,0.0000,0.0000,0.0982,0.3394,1
A_bodycheck_mars_comic,4.600,0.0000,0.0000,0.0000,0.0982,0.3394,1
A_bodycheck_mars_comic,4.700,0.0000,0.0000,0.0000,0.0982,0.3394,1
A_bodycheck_mars_comic,4.800,0.0000,0.0000,0.0000,0.0982,0.3394,1
A_bodycheck_mars_comic,4.900,0.0000,0.0000,0.0000,0.0982,0.3394,1
A_bodycheck_mars_comic,5.000,0.0000,0.0000,0.0000,0.0982,0.3394,1
A_bodycheck_mars_comic,5.100,0.0000,0.0000,0.0000,0.0982,0.3394,1
A_bodycheck_mars_comic,5.200,0.0000,0.0000,0.0000,0.0982,0.3394,1
A_bodycheck_mars_comic,5.300,0.0000,0.0000,0.0000,0.0982,0.3394,1
A_bodycheck_mars_comic,5.400,0.0000,0.0000,0.0000,0.0982,0.3394,1
A_bodycheck_mars_comic,5.500,0.0000,0.0000,0.0000,0.0982,0.3394,1
A_bodycheck_mars_comic,5.600,0.0000,0.0000,0.0000,0.0982,0.3394,1
A_bodycheck_mars_comic,5.700,0.0000,0.0000,0.0000,0.0982,0.3394,1
A_bodycheck_mars_comic,5.800,0.0000,0.0000,0.0000,0.0982,0.3394,1
A_bodycheck_mars_comic,5.900,0.0000,0.0000,0.0000,0.0982,0.3394,1
A_bodycheck_mars_comic,6.000,0.0000,0.0000,0.0000,0.0982,0.3394,1
A_bodycheck_mars_comic,6.100,0.0000,0.0000,0.0000,0.0982,0.3394,1
A_bodycheck_mars_comic,6.200,0.0000,0.0000,0.0000,0.0982,0.3394,1
A_bodycheck_mars_comic,6.300,0.0000,0.0000,0.0000,0.0982,0.3394,1
A_bodycheck_mars_comic,6.400,0.0000,0.0000,0.0000,0.0982,0.3394,1
A_bodycheck_mars_comic,6.500,0.0000,0.0000,0.0000,0.0982,0.3394,1
A_bodycheck_mars_comic,6.600,0.0000,0.0000,0.0000,0.0982,0.3394,1
A_bodycheck_mars_comic,6.700,0.0000,0.0000,0.0000,0.0982,0.3394,1
A_bodycheck_mars_comic,6.800,0.0000,0.0000,0.0000,0.0982,0.3394,1
A_bodycheck_mars_comic,6.900,0.0000,0.0000,0.0000,0.0982,0.3394,1
A_bodycheck_mars_comic,7.000,0.0000,0.0000,0.0000,0.0982,0.3394,1
A_bodycheck_mars_comic,7.100,0.0000,0.0000,0.0000,0.0982,0.3394,1
A_bodycheck_mars_comic,7.200,0.0000,0.0000,0.0000,0.0982,0.3394,1
A_bodycheck_mars_comic,7.300,0.0000,0.0000,0.0000,0.0982,0.3394,1
A_bodycheck_mars_comic,7.400,0.0000,0.0000,0.0000,0.0982,0.3394,1
A_bodycheck_mars_comic,7.500,0.0000,0.0000,0.0000,0.0982,0.3394,1
A_bodycheck_mars_comic,7.600,0.0000,0.0000,0.0000,0.0982,0.3394,1
A_bodycheck_mars_comic,7.700,0.0000,0.0000,0.0000,0.0982,0.3394,1
A_bodycheck_mars_comic,7.800,0.0000,0.0000,0.0000,0.0982,0.3394,1
A_bodycheck_mars_comic,7.900,0.0000,0.0000,0.0000,0.0982,0.3394,1
A_bodycheck_mars_comic,8.000,0.0000,0.0000,0.0000,0.0982,0.3394,1
B_headflick_mars_comic,0.000,0.0000,0.0000,0.0000,0.1950,0.8775,0
B_headflick_mars_comic,0.100,0.3795,1.8714,4.1514,0.2058,0.8759,0
B_headflick_mars_comic,0.200,0.5966,1.9851,3.9510,0.1928,0.8413,0
B_headflick_mars_comic,0.300,0.9119,2.2296,3.4923,0.1565,0.7647,0
B_headflick_mars_comic,0.400,0.9411,2.4294,5.1848,0.1061,0.6435,0
B_headflick_mars_comic,0.500,1.0977,2.7208,17.5603,0.0597,0.4545,0
B_headflick_mars_comic,0.600,0.5601,2.1031,46.4108,0.0533,0.3929,0
B_headflick_mars_comic,0.700,0.6873,2.0332,10.5513,0.1558,0.4644,0
B_headflick_mars_comic,0.800,0.3798,1.2583,6.4702,0.2245,0.4982,0
B_headflick_mars_comic,0.900,0.3023,1.2287,4.8470,0.2544,0.4713,0
B_headflick_mars_comic,1.000,0.2426,0.8615,5.3377,0.2394,0.4697,0
B_headflick_mars_comic,1.100,0.2157,0.5627,4.3392,0.1704,0.4562,0
B_headflick_mars_comic,1.200,0.1917,0.8270,6.9506,0.1004,0.4457,0
B_headflick_mars_comic,1.300,0.2964,1.3983,9.7246,0.0664,0.4362,0
B_headflick_mars_comic,1.400,0.1264,0.5863,7.4770,0.0490,0.4358,0
B_headflick_mars_comic,1.500,0.0923,0.7592,6.7869,0.0427,0.4367,0
B_headflick_mars_comic,1.600,0.0545,0.7424,6.6152,0.0360,0.4395,0
B_headflick_mars_comic,1.700,0.0695,0.6268,1.9312,0.0262,0.4392,0
B_headflick_mars_comic,1.800,0.0545,0.4882,2.2650,0.0280,0.4379,0
B_headflick_mars_comic,1.900,0.0375,0.2890,2.1728,0.0284,0.4363,0
B_headflick_mars_comic,2.000,0.0310,0.1061,1.4550,0.0278,0.4346,0
B_headflick_mars_comic,2.100,0.0322,0.0929,0.7183,0.0261,0.4326,0
B_headflick_mars_comic,2.200,0.0189,0.1012,1.8433,0.0256,0.4315,0
B_headflick_mars_comic,2.300,0.0209,0.0786,0.6310,0.0246,0.4306,0
B_headflick_mars_comic,2.400,0.0253,0.0712,0.5214,0.0235,0.4294,0
B_headflick_mars_comic,2.500,0.0450,0.0985,0.4614,0.0228,0.4277,0
B_headflick_mars_comic,2.600,0.0554,0.1288,0.5953,0.0221,0.4250,0
B_headflick_mars_comic,2.700,0.0619,0.1521,0.6390,0.0209,0.4212,0
B_headflick_mars_comic,2.800,0.0755,0.1763,0.7195,0.0201,0.4167,0
B_headflick_mars_comic,2.900,0.0873,0.2214,0.8673,0.0191,0.4107,0
B_headflick_mars_comic,3.000,0.1037,0.2638,1.6350,0.0188,0.4031,0
B_headflick_mars_comic,3.100,0.1146,0.2968,2.4219,0.0204,0.3974,0
B_headflick_mars_comic,3.200,0.1167,0.3332,1.6667,0.0220,0.3914,0
B_headflick_mars_comic,3.300,0.1164,0.3554,1.4609,0.0241,0.3857,0
B_headflick_mars_comic,3.400,0.1201,0.3760,1.5358,0.0268,0.3798,0
B_headflick_mars_comic,3.500,0.1243,0.3943,1.8962,0.0303,0.3737,0
B_headflick_mars_comic,3.600,0.1323,0.4054,2.2479,0.0350,0.3683,0
B_headflick_mars_comic,3.700,0.1039,0.3895,2.9582,0.0364,0.3646,0
B_headflick_mars_comic,3.800,0.0780,0.3686,3.0140,0.0364,0.3623,0
B_headflick_mars_comic,3.900,0.0613,0.3245,1.6783,0.0365,0.3612,0
B_headflick_mars_comic,4.000,0.0421,0.2910,1.4430,0.0371,0.3599,0
B_headflick_mars_comic,4.100,0.0357,0.2413,1.2081,0.0390,0.3590,0
B_headflick_mars_comic,4.200,0.0297,0.2059,1.3995,0.0414,0.3587,0
B_headflick_mars_comic,4.300,0.0299,0.1773,1.2767,0.0429,0.3592,0
B_headflick_mars_comic,4.400,0.0441,0.1462,1.9298,0.0445,0.3600,0
B_headflick_mars_comic,4.500,0.0468,0.1547,1.2635,0.0468,0.3606,0
B_headflick_mars_comic,4.600,0.0423,0.1176,1.5075,0.0499,0.3604,0
B_headflick_mars_comic,4.700,0.0506,0.1150,1.5170,0.0536,0.3592,0
B_headflick_mars_comic,4.800,0.0550,0.1029,1.0313,0.0576,0.3581,0
B_headflick_mars_comic,4.900,0.0495,0.0935,1.4422,0.0609,0.3573,0
B_headflick_mars_comic,5.000,0.0224,0.1005,0.7294,0.0620,0.3547,0
B_headflick_mars_comic,5.100,0.0123,0.0723,1.2251,0.0619,0.3521,0
B_headflick_mars_comic,5.200,0.0113,0.0264,0.5822,0.0625,0.3515,0
B_headflick_mars_comic,5.300,0.0109,0.0194,0.2247,0.0634,0.3510,0
B_headflick_mars_comic,5.400,0.0055,0.0193,0.1499,0.0641,0.3511,0
B_headflick_mars_comic,5.500,0.0020,0.0169,0.1841,0.0644,0.3514,0
B_headflick_mars_comic,5.600,0.0033,0.0224,0.1867,0.0646,0.3516,0
B_headflick_mars_comic,5.700,0.0038,0.0233,0.2320,0.0646,0.3517,0
B_headflick_mars_comic,5.800,0.0040,0.0219,0.2575,0.0648,0.3518,0
B_headflick_mars_comic,5.900,0.0025,0.0118,0.1213,0.0649,0.3518,1
B_headflick_mars_comic,6.000,0.0000,0.0000,0.0000,0.0649,0.3518,1
B_headflick_mars_comic,6.100,0.0000,0.0000,0.0000,0.0649,0.3518,1
B_headflick_mars_comic,6.200,0.0000,0.0000,0.0000,0.0649,0.3518,1
B_headflick_mars_comic,6.300,0.0000,0.0000,0.0000,0.0649,0.3518,1
B_headflick_mars_comic,6.400,0.0000,0.0000,0.0000,0.0649,0.3518,1
B_headflick_mars_comic,6.500,0.0000,0.0000,0.0000,0.0649,0.3518,1
B_headflick_mars_comic,6.600,0.0000,0.0000,0.0000,0.0649,0.3518,1
B_headflick_mars_comic,6.700,0.0000,0.0000,0.0000,0.0649,0.3518,1
B_headflick_mars_comic,6.800,0.0000,0.0000,0.0000,0.0649,0.3518,1
B_headflick_mars_comic,6.900,0.0000,0.0000,0.0000,0.0649,0.3518,1
B_headflick_mars_comic,7.000,0.0000,0.0000,0.0000,0.0649,0.3518,1
B_headflick_mars_comic,7.100,0.0000,0.0000,0.0000,0.0649,0.3518,1
B_headflick_mars_comic,7.200,0.0000,0.0000,0.0000,0.0649,0.3518,1
B_headflick_mars_comic,7.300,0.0000,0.0000,0.0000,0.0649,0.3518,1
B_headflick_mars_comic,7.400,0.0000,0.0000,0.0000,0.0649,0.3518,1
B_headflick_mars_comic,7.500,0.0000,0.0000,0.0000,0.0649,0.3518,1
B_headflick_mars_comic,7.600,0.0000,0.0000,0.0000,0.0649,0.3518,1
B_headflick_mars_comic,7.700,0.0000,0.0000,0.0000,0.0649,0.3518,1
B_headflick_mars_comic,7.800,0.0000,0.0000,0.0000,0.0649,0.3518,1
B_headflick_mars_comic,7.900,0.0000,0.0000,0.0000,0.0649,0.3518,1
B_headflick_mars_comic,8.000,0.0000,0.0000,0.0000,0.0649,0.3518,1
C_blast_mars_comic,0.000,0.0000,0.0000,0.0000,0.1950,0.8775,0
C_blast_mars_comic,0.100,3.6748,5.1723,32.5654,0.2856,0.9642,0
C_blast_mars_comic,0.200,3.5417,4.0440,10.2646,0.3766,1.0623,0
C_blast_mars_comic,0.300,3.4475,4.0751,8.5825,0.4418,1.1189,0
C_blast_mars_comic,0.400,3.3938,3.9597,12.8214,0.4721,1.1101,0
C_blast_mars_comic,0.500,3.3811,3.8746,8.3816,0.4729,1.0436,0
C_blast_mars_comic,0.600,3.4083,3.7843,4.3700,0.4559,0.9211,0
C_blast_mars_comic,0.700,3.4731,3.6925,6.5007,0.4190,0.7433,0
C_blast_mars_comic,0.800,3.5722,3.8808,6.5746,0.3502,0.5178,0
C_blast_mars_comic,0.900,3.3767,4.0479,9.1216,0.2427,0.2457,0
C_blast_mars_comic,1.000,2.7855,3.8176,14.3700,0.0927,0.1292,0
C_blast_mars_comic,1.100,1.2147,2.8172,15.2097,0.1067,0.2207,0
C_blast_mars_comic,1.200,0.9173,2.0504,4.2020,0.1547,0.3307,0
C_blast_mars_comic,1.300,0.6193,1.6031,5.4093,0.1293,0.4206,0
C_blast_mars_comic,1.400,0.4839,1.2786,3.8352,0.1085,0.4924,0
C_blast_mars_comic,1.500,0.3237,1.0469,3.4233,0.1004,0.5348,0
C_blast_mars_comic,1.600,0.2223,0.7372,5.1498,0.0919,0.5624,0
C_blast_mars_comic,1.700,0.1399,0.5180,5.1396,0.0819,0.5800,0
C_blast_mars_comic,1.800,0.0793,0.5774,4.8165,0.0756,0.5854,0
C_blast_mars_comic,1.900,0.1297,0.4399,4.8320,0.0731,0.5795,0
C_blast_mars_comic,2.000,0.1892,0.5584,7.5125,0.0709,0.5654,0
C_blast_mars_comic,2.100,0.2491,0.7094,6.5837,0.0735,0.5445,0
C_blast_mars_comic,2.200,0.3236,0.8735,3.8095,0.0800,0.5068,0
C_blast_mars_comic,2.300,0.3843,1.1538,3.7636,0.0902,0.4465,0
C_blast_mars_comic,2.400,0.4787,1.3497,9.1095,0.0914,0.3744,0
C_blast_mars_comic,2.500,0.5828,1.5215,10.7849,0.0943,0.2873,0
C_blast_mars_comic,2.600,0.6811,1.6831,4.0932,0.1051,0.1739,0
C_blast_mars_comic,2.700,0.2250,0.7933,4.5000,0.1201,0.1162,0
C_blast_mars_comic,2.800,0.1748,0.7146,5.9275,0.1247,0.1095,0
C_blast_mars_comic,2.900,0.1333,0.6214,2.1165,0.1292,0.1074,0
C_blast_mars_comic,3.000,0.0868,0.5340,2.2862,0.1290,0.1081,0
C_blast_mars_comic,3.100,0.0698,0.4698,1.6603,0.1283,0.1083,0
C_blast_mars_comic,3.200,0.0625,0.4044,1.4207,0.1279,0.1092,0
C_blast_mars_comic,3.300,0.0460,0.2548,0.8327,0.1278,0.1161,0
C_blast_mars_comic,3.400,0.0173,0.0898,0.4891,0.1278,0.1203,0
C_blast_mars_comic,3.500,0.0063,0.0265,0.2018,0.1274,0.1191,0
C_blast_mars_comic,3.600,0.0161,0.0832,0.2848,0.1273,0.1159,0
C_blast_mars_comic,3.700,0.0218,0.1064,0.4112,0.1272,0.1133,0
C_blast_mars_comic,3.800,0.0247,0.1246,0.5393,0.1273,0.1110,0
C_blast_mars_comic,3.900,0.0290,0.1331,0.4291,0.1275,0.1089,0
C_blast_mars_comic,4.000,0.0243,0.1224,0.3954,0.1279,0.1075,0
C_blast_mars_comic,4.100,0.0181,0.1053,0.3490,0.1280,0.1067,0
C_blast_mars_comic,4.200,0.0140,0.0911,0.3145,0.1282,0.1064,0
C_blast_mars_comic,4.300,0.0118,0.0784,0.2836,0.1282,0.1066,0
C_blast_mars_comic,4.400,0.0108,0.0691,0.2449,0.1282,0.1067,0
C_blast_mars_comic,4.500,0.0089,0.0605,0.2134,0.1281,0.1067,0
C_blast_mars_comic,4.600,0.0078,0.0529,0.1879,0.1281,0.1067,0
C_blast_mars_comic,4.700,0.0071,0.0462,0.1640,0.1281,0.1067,0
C_blast_mars_comic,4.800,0.0062,0.0401,0.1427,0.1281,0.1068,0
C_blast_mars_comic,4.900,0.0053,0.0351,0.1249,0.1281,0.1068,0
C_blast_mars_comic,5.000,0.0047,0.0307,0.1088,0.1281,0.1068,0
C_blast_mars_comic,5.100,0.0040,0.0266,0.0946,0.1281,0.1069,0
C_blast_mars_comic,5.200,0.0035,0.0230,0.0829,0.1281,0.1069,0
C_blast_mars_comic,5.300,0.0000,0.0000,0.0000,0.1281,0.1069,1
C_blast_mars_comic,5.400,0.0000,0.0000,0.0000,0.1281,0.1069,1
C_blast_mars_comic,5.500,0.0000,0.0000,0.0000,0.1281,0.1069,1
C_blast_mars_comic,5.600,0.0000,0.0000,0.0000,0.1281,0.1069,1
C_blast_mars_comic,5.700,0.0000,0.0000,0.0000,0.1281,0.1069,1
C_blast_mars_comic,5.800,0.0000,0.0000,0.0000,0.1281,0.1069,1
C_blast_mars_comic,5.900,0.0000,0.0000,0.0000,0.1281,0.1069,1
C_blast_mars_comic,6.000,0.0000,0.0000,0.0000,0.1281,0.1069,1
C_blast_mars_comic,6.100,0.0000,0.0000,0.0000,0.1281,0.1069,1
C_blast_mars_comic,6.200,0.0000,0.0000,0.0000,0.1281,0.1069,1
C_blast_mars_comic,6.300,0.0000,0.0000,0.0000,0.1281,0.1069,1
C_blast_mars_comic,6.400,0.0000,0.0000,0.0000,0.1281,0.1069,1
C_blast_mars_comic,6.500,0.0000,0.0000,0.0000,0.1281,0.1069,1
C_blast_mars_comic,6.600,0.0000,0.0000,0.0000,0.1281,0.1069,1
C_blast_mars_comic,6.700,0.0000,0.0000,0.0000,0.1281,0.1069,1
C_blast_mars_comic,6.800,0.0000,0.0000,0.0000,0.1281,0.1069,1
C_blast_mars_comic,6.900,0.0000,0.0000,0.0000,0.1281,0.1069,1
C_blast_mars_comic,7.000,0.0000,0.0000,0.0000,0.1281,0.1069,1
C_blast_mars_comic,7.100,0.0000,0.0000,0.0000,0.1281,0.1069,1
C_blast_mars_comic,7.200,0.0000,0.0000,0.0000,0.1281,0.1069,1
C_blast_mars_comic,7.300,0.0000,0.0000,0.0000,0.1281,0.1069,1
C_blast_mars_comic,7.400,0.0000,0.0000,0.0000,0.1281,0.1069,1
C_blast_mars_comic,7.500,0.0000,0.0000,0.0000,0.1281,0.1069,1
C_blast_mars_comic,7.600,0.0000,0.0000,0.0000,0.1281,0.1069,1
C_blast_mars_comic,7.700,0.0000,0.0000,0.0000,0.1281,0.1069,1
C_blast_mars_comic,7.800,0.0000,0.0000,0.0000,0.1281,0.1069,1
C_blast_mars_comic,7.900,0.0000,0.0000,0.0000,0.1281,0.1069,1
C_blast_mars_comic,8.000,0.0000,0.0000,0.0000,0.1281,0.1069,1
D_bodycheck_earth_comic,0.000,0.0000,0.0000,0.0000,0.1950,0.8775,0
D_bodycheck_earth_comic,0.100,3.4012,3.9641,3.1784,0.3283,0.9986,0
D_bodycheck_earth_comic,0.200,3.2184,3.7102,3.7049,0.3874,1.0135,0
D_bodycheck_earth_comic,0.300,3.3278,3.7411,3.8113,0.3737,0.9252,0
D_bodycheck_earth_comic,0.400,3.6945,3.9436,2.5053,0.2418,0.7413,0
D_bodycheck_earth_comic,0.500,3.5795,4.3338,27.5523,0.0778,0.5163,0
D_bodycheck_earth_comic,0.600,2.2231,6.5514,13.6282,0.1386,0.1909,0
D_bodycheck_earth_comic,0.700,1.3799,2.0493,13.8463,0.1371,0.1888,0
D_bodycheck_earth_comic,0.800,0.7245,1.5451,5.7731,0.1188,0.2725,0
D_bodycheck_earth_comic,0.900,0.0789,0.9184,5.6814,0.1172,0.2815,0
D_bodycheck_earth_comic,1.000,0.0319,0.1634,5.7829,0.1144,0.2779,0
D_bodycheck_earth_comic,1.100,0.0143,0.2480,5.3883,0.1166,0.2779,0
D_bodycheck_earth_comic,1.200,0.0107,0.1519,1.5448,0.1161,0.2771,0
D_bodycheck_earth_comic,1.300,0.0215,0.1646,2.0577,0.1163,0.2754,0
D_bodycheck_earth_comic,1.400,0.0403,0.3074,3.3602,0.1170,0.2709,0
D_bodycheck_earth_comic,1.500,0.0538,0.2239,1.5649,0.1184,0.2631,0
D_bodycheck_earth_comic,1.600,0.0585,0.1629,1.5585,0.1171,0.2575,0
D_bodycheck_earth_comic,1.700,0.0257,0.2216,3.3632,0.1162,0.2531,0
D_bodycheck_earth_comic,1.800,0.0045,0.0539,1.5352,0.1164,0.2521,0
D_bodycheck_earth_comic,1.900,0.0189,0.0557,0.8579,0.1176,0.2534,0
D_bodycheck_earth_comic,2.000,0.0177,0.0488,0.7694,0.1185,0.2552,0
D_bodycheck_earth_comic,2.100,0.0019,0.0349,0.4518,0.1184,0.2561,0
D_bodycheck_earth_comic,2.200,0.0133,0.0403,0.4635,0.1179,0.2550,0
D_bodycheck_earth_comic,2.300,0.0166,0.0409,0.6465,0.1174,0.2536,0
D_bodycheck_earth_comic,2.400,0.0055,0.0250,0.2767,0.1174,0.2529,0
D_bodycheck_earth_comic,2.500,0.0095,0.0258,0.2267,0.1178,0.2536,0
D_bodycheck_earth_comic,2.600,0.0106,0.0278,0.3916,0.1181,0.2548,0
D_bodycheck_earth_comic,2.700,0.0015,0.0248,0.3028,0.1181,0.2552,0
D_bodycheck_earth_comic,2.800,0.0090,0.0203,0.2489,0.1179,0.2546,0
D_bodycheck_earth_comic,2.900,0.0084,0.0184,0.1994,0.1177,0.2538,0
D_bodycheck_earth_comic,3.000,0.0000,0.0000,0.0000,0.1176,0.2538,1
D_bodycheck_earth_comic,3.100,0.0000,0.0000,0.0000,0.1176,0.2538,1
D_bodycheck_earth_comic,3.200,0.0000,0.0000,0.0000,0.1176,0.2538,1
D_bodycheck_earth_comic,3.300,0.0000,0.0000,0.0000,0.1176,0.2538,1
D_bodycheck_earth_comic,3.400,0.0000,0.0000,0.0000,0.1176,0.2538,1
D_bodycheck_earth_comic,3.500,0.0000,0.0000,0.0000,0.1176,0.2538,1
D_bodycheck_earth_comic,3.600,0.0000,0.0000,0.0000,0.1176,0.2538,1
D_bodycheck_earth_comic,3.700,0.0000,0.0000,0.0000,0.1176,0.2538,1
D_bodycheck_earth_comic,3.800,0.0000,0.0000,0.0000,0.1176,0.2538,1
D_bodycheck_earth_comic,3.900,0.0000,0.0000,0.0000,0.1176,0.2538,1
D_bodycheck_earth_comic,4.000,0.0000,0.0000,0.0000,0.1176,0.2538,1
D_bodycheck_earth_comic,4.100,0.0000,0.0000,0.0000,0.1176,0.2538,1
D_bodycheck_earth_comic,4.200,0.0000,0.0000,0.0000,0.1176,0.2538,1
D_bodycheck_earth_comic,4.300,0.0000,0.0000,0.0000,0.1176,0.2538,1
D_bodycheck_earth_comic,4.400,0.0000,0.0000,0.0000,0.1176,0.2538,1
D_bodycheck_earth_comic,4.500,0.0000,0.0000,0.0000,0.1176,0.2538,1
D_bodycheck_earth_comic,4.600,0.0000,0.0000,0.0000,0.1176,0.2538,1
D_bodycheck_earth_comic,4.700,0.0000,0.0000,0.0000,0.1176,0.2538,1
D_bodycheck_earth_comic,4.800,0.0000,0.0000,0.0000,0.1176,0.2538,1
D_bodycheck_earth_comic,4.900,0.0000,0.0000,0.0000,0.1176,0.2538,1
D_bodycheck_earth_comic,5.000,0.0000,0.0000,0.0000,0.1176,0.2538,1
D_bodycheck_earth_comic,5.100,0.0000,0.0000,0.0000,0.1176,0.2538,1
D_bodycheck_earth_comic,5.200,0.0000,0.0000,0.0000,0.1176,0.2538,1
D_bodycheck_earth_comic,5.300,0.0000,0.0000,0.0000,0.1176,0.2538,1
D_bodycheck_earth_comic,5.400,0.0000,0.0000,0.0000,0.1176,0.2538,1
D_bodycheck_earth_comic,5.500,0.0000,0.0000,0.0000,0.1176,0.2538,1
D_bodycheck_earth_comic,5.600,0.0000,0.0000,0.0000,0.1176,0.2538,1
D_bodycheck_earth_comic,5.700,0.0000,0.0000,0.0000,0.1176,0.2538,1
D_bodycheck_earth_comic,5.800,0.0000,0.0000,0.0000,0.1176,0.2538,1
D_bodycheck_earth_comic,5.900,0.0000,0.0000,0.0000,0.1176,0.2538,1
D_bodycheck_earth_comic,6.000,0.0000,0.0000,0.0000,0.1176,0.2538,1
D_bodycheck_earth_comic,6.100,0.0000,0.0000,0.0000,0.1176,0.2538,1
D_bodycheck_earth_comic,6.200,0.0000,0.0000,0.0000,0.1176,0.2538,1
D_bodycheck_earth_comic,6.300,0.0000,0.0000,0.0000,0.1176,0.2538,1
D_bodycheck_earth_comic,6.400,0.0000,0.0000,0.0000,0.1176,0.2538,1
D_bodycheck_earth_comic,6.500,0.0000,0.0000,0.0000,0.1176,0.2538,1
D_bodycheck_earth_comic,6.600,0.0000,0.0000,0.0000,0.1176,0.2538,1
D_bodycheck_earth_comic,6.700,0.0000,0.0000,0.0000,0.1176,0.2538,1
D_bodycheck_earth_comic,6.800,0.0000,0.0000,0.0000,0.1176,0.2538,1
D_bodycheck_earth_comic,6.900,0.0000,0.0000,0.0000,0.1176,0.2538,1
D_bodycheck_earth_comic,7.000,0.0000,0.0000,0.0000,0.1176,0.2538,1
D_bodycheck_earth_comic,7.100,0.0000,0.0000,0.0000,0.1176,0.2538,1
D_bodycheck_earth_comic,7.200,0.0000,0.0000,0.0000,0.1176,0.2538,1
D_bodycheck_earth_comic,7.300,0.0000,0.0000,0.0000,0.1176,0.2538,1
D_bodycheck_earth_comic,7.400,0.0000,0.0000,0.0000,0.1176,0.2538,1
D_bodycheck_earth_comic,7.500,0.0000,0.0000,0.0000,0.1176,0.2538,1
D_bodycheck_earth_comic,7.600,0.0000,0.0000,0.0000,0.1176,0.2538,1
D_bodycheck_earth_comic,7.700,0.0000,0.0000,0.0000,0.1176,0.2538,1
D_bodycheck_earth_comic,7.800,0.0000,0.0000,0.0000,0.1176,0.2538,1
D_bodycheck_earth_comic,7.900,0.0000,0.0000,0.0000,0.1176,0.2538,1
D_bodycheck_earth_comic,8.000,0.0000,0.0000,0.0000,0.1176,0.2538,1
E_bodycheck_mars_wizard,0.000,0.0000,0.0000,0.0000,0.1950,0.8775,0
E_bodycheck_mars_wizard,0.100,3.6157,4.1618,3.2840,0.3650,1.0352,0
E_bodycheck_mars_wizard,0.200,3.4779,3.9415,3.9139,0.5249,1.1477,0
E_bodycheck_mars_wizard,0.300,3.3757,3.7523,4.1260,0.6764,1.2169,0
E_bodycheck_mars_wizard,0.400,3.3123,3.6588,2.6906,0.7575,1.2511,0
E_bodycheck_mars_wizard,0.500,3.2901,3.6698,2.7633,0.7553,1.2546,0
E_bodycheck_mars_wizard,0.600,3.3097,3.6787,2.5499,0.7171,1.2199,0
E_bodycheck_mars_wizard,0.700,3.3706,3.7304,2.3388,0.6429,1.1491,0
E_bodycheck_mars_wizard,0.800,3.4705,3.8382,2.8141,0.5350,1.0422,0
E_bodycheck_mars_wizard,0.900,3.6062,3.9850,3.7439,0.3910,0.8987,0
E_bodycheck_mars_wizard,1.000,3.7738,4.1599,4.4631,0.2091,0.7194,0
E_bodycheck_mars_wizard,1.100,3.5892,4.4223,7.9894,0.0736,0.4961,0
E_bodycheck_mars_wizard,1.200,2.6227,5.3239,9.2696,0.1311,0.1266,0
E_bodycheck_mars_wizard,1.300,1.2438,2.5061,10.4402,0.1427,0.1777,0
E_bodycheck_mars_wizard,1.400,0.9755,1.4328,6.5688,0.1065,0.2734,0
E_bodycheck_mars_wizard,1.500,0.7788,1.3717,6.0207,0.0994,0.3357,0
E_bodycheck_mars_wizard,1.600,0.4794,1.2886,4.0458,0.0964,0.3598,0
E_bodycheck_mars_wizard,1.700,0.2188,1.2077,3.5341,0.1002,0.3541,0
E_bodycheck_mars_wizard,1.800,0.0540,0.2078,2.5918,0.1011,0.3381,0
E_bodycheck_mars_wizard,1.900,0.0108,0.1035,1.2730,0.1011,0.3363,0
E_bodycheck_mars_wizard,2.000,0.0094,0.0307,0.7808,0.1012,0.3363,0
E_bodycheck_mars_wizard,2.100,0.0010,0.0136,0.2529,0.1012,0.3362,0
E_bodycheck_mars_wizard,2.200,0.0108,0.0401,0.2936,0.1013,0.3362,0
E_bodycheck_mars_wizard,2.300,0.0113,0.0378,0.3657,0.1012,0.3361,0
E_bodycheck_mars_wizard,2.400,0.0023,0.0318,0.2083,0.1011,0.3360,0
E_bodycheck_mars_wizard,2.500,0.0176,0.0342,0.2164,0.1013,0.3362,0
E_bodycheck_mars_wizard,2.600,0.0219,0.0481,0.3443,0.1013,0.3361,0
E_bodycheck_mars_wizard,2.700,0.0169,0.0560,0.5277,0.1015,0.3357,0
E_bodycheck_mars_wizard,2.800,0.0077,0.0523,0.7736,0.1015,0.3355,0
E_bodycheck_mars_wizard,2.900,0.0007,0.0452,0.7579,0.1015,0.3355,0
E_bodycheck_mars_wizard,3.000,0.0062,0.0295,0.4113,0.1015,0.3355,0
E_bodycheck_mars_wizard,3.100,0.0055,0.0508,1.3003,0.1014,0.3358,0
E_bodycheck_mars_wizard,3.200,0.0016,0.0235,0.2123,0.1013,0.3361,0
E_bodycheck_mars_wizard,3.300,0.0007,0.0132,0.1562,0.1013,0.3362,0
E_bodycheck_mars_wizard,3.400,0.0006,0.0143,0.1803,0.1013,0.3361,0
E_bodycheck_mars_wizard,3.500,0.0029,0.0238,0.3175,0.1013,0.3360,0
E_bodycheck_mars_wizard,3.600,0.0048,0.0241,0.5202,0.1014,0.3359,0
E_bodycheck_mars_wizard,3.700,0.0046,0.0211,0.4359,0.1015,0.3357,0
E_bodycheck_mars_wizard,3.800,0.0014,0.0477,1.0395,0.1015,0.3356,0
E_bodycheck_mars_wizard,3.900,0.0047,0.0670,2.1633,0.1015,0.3354,0
E_bodycheck_mars_wizard,4.000,0.0062,0.0607,2.1098,0.1015,0.3354,0
E_bodycheck_mars_wizard,4.100,0.0065,0.0519,1.0333,0.1015,0.3355,0
E_bodycheck_mars_wizard,4.200,0.0042,0.0457,0.9018,0.1015,0.3356,0
E_bodycheck_mars_wizard,4.300,0.0009,0.0332,0.6229,0.1015,0.3357,0
E_bodycheck_mars_wizard,4.400,0.0037,0.0284,0.5183,0.1015,0.3356,0
E_bodycheck_mars_wizard,4.500,0.0027,0.0439,0.8559,0.1015,0.3354,0
E_bodycheck_mars_wizard,4.600,0.0013,0.0666,1.3435,0.1015,0.3354,0
E_bodycheck_mars_wizard,4.700,0.0012,0.0601,1.1978,0.1015,0.3355,0
E_bodycheck_mars_wizard,4.800,0.0013,0.0526,1.0647,0.1015,0.3355,0
E_bodycheck_mars_wizard,4.900,0.0007,0.0470,0.9053,0.1015,0.3356,0
E_bodycheck_mars_wizard,5.000,0.0013,0.0452,0.8643,0.1015,0.3356,0
E_bodycheck_mars_wizard,5.100,0.0016,0.0486,0.9577,0.1015,0.3356,0
E_bodycheck_mars_wizard,5.200,0.0015,0.0501,1.0036,0.1015,0.3356,0
E_bodycheck_mars_wizard,5.300,0.0019,0.0493,0.9779,0.1015,0.3356,0
E_bodycheck_mars_wizard,5.400,0.0032,0.0506,1.0032,0.1015,0.3355,0
E_bodycheck_mars_wizard,5.500,0.0045,0.0547,1.1017,0.1015,0.3354,0
E_bodycheck_mars_wizard,5.600,0.0049,0.0583,1.1698,0.1015,0.3354,0
E_bodycheck_mars_wizard,5.700,0.0037,0.0560,1.1242,0.1015,0.3355,0
E_bodycheck_mars_wizard,5.800,0.0010,0.0465,0.9105,0.1015,0.3356,0
E_bodycheck_mars_wizard,5.900,0.0029,0.0484,0.9454,0.1015,0.3355,0
E_bodycheck_mars_wizard,6.000,0.0025,0.0525,1.7882,0.1015,0.3353,0
E_bodycheck_mars_wizard,6.100,0.0011,0.0662,1.9895,0.1015,0.3353,0
E_bodycheck_mars_wizard,6.200,0.0007,0.0554,1.1011,0.1015,0.3354,0
E_bodycheck_mars_wizard,6.300,0.0011,0.0454,0.9245,0.1015,0.3355,0
E_bodycheck_mars_wizard,6.400,0.0009,0.0420,0.8234,0.1015,0.3355,0
E_bodycheck_mars_wizard,6.500,0.0015,0.0414,0.8187,0.1015,0.3355,0
E_bodycheck_mars_wizard,6.600,0.0015,0.0484,0.9700,0.1015,0.3354,0
E_bodycheck_mars_wizard,6.700,0.0014,0.0489,0.9933,0.1015,0.3354,0
E_bodycheck_mars_wizard,6.800,0.0022,0.0472,0.9685,0.1015,0.3354,0
E_bodycheck_mars_wizard,6.900,0.0036,0.0498,1.0170,0.1015,0.3354,0
E_bodycheck_mars_wizard,7.000,0.0047,0.0554,1.1164,0.1015,0.3354,0
E_bodycheck_mars_wizard,7.100,0.0028,0.0538,1.0676,0.1015,0.3354,0
E_bodycheck_mars_wizard,7.200,0.0011,0.0465,0.9225,0.1015,0.3355,0
E_bodycheck_mars_wizard,7.300,0.0025,0.0510,1.0038,0.1015,0.3354,0
E_bodycheck_mars_wizard,7.400,0.0017,0.0619,1.2478,0.1015,0.3353,0
E_bodycheck_mars_wizard,7.500,0.0010,0.0633,1.3103,0.1015,0.3353,0
E_bodycheck_mars_wizard,7.600,0.0013,0.0610,1.2211,0.1015,0.3354,0
E_bodycheck_mars_wizard,7.700,0.0015,0.0513,1.0449,0.1015,0.3355,0
E_bodycheck_mars_wizard,7.800,0.0017,0.0420,0.8272,0.1015,0.3355,0
E_bodycheck_mars_wizard,7.900,0.0017,0.0366,0.7004,0.1015,0.3355,0
E_bodycheck_mars_wizard,8.000,0.0016,0.0398,0.7865,0.1015,0.3355,0
